Crime,HI-II-14
0.5299680233001709,0.529996395111084
