Crime,HI-II-14
0.12819356937609105,0.06867719192945801
0.06003212928771973,0.11999869346618652
